food_name,serving_size_g,energy_kcal,carbohydrate_g,total_sugars_g,fat_g,protein_g,calcium_mg,phosph_mg,sodium_mg,potassium_mg,magnesium_mg,iron_mg,zinc_mg,cholesterol_mg,transfat_g,class
쌀밥,210.0,334.8,73.71000000000001,0.0,0.45,5.76,3.6,126.0,59.40000000000001,146.7,0.0,0.36,1.35,0.0,0.0,01011001
기타잡곡밥,200.0,302.362,65.52109999999999,0.0,0.7462,6.7092,12.06,117.836,3.391999999999999,166.718,6.9,1.7447,1.8264,0.0,0.0,01012001
콩밥,200.0,322.9,65.846,0.0,1.666,8.427999999999999,24.7,126.9,4.1,258.4,22.5,1.74,1.61,0.0,0.0,01012002
보리밥,200.0,316.1,70.57,0.0,0.14,5.55,6.699999999999999,68.8,4.5,100.6,0.0,1.26,1.41,0.0,0.0,01012003
돌솥밥,350.0,528.855,101.85,0.0,8.347000000000001,10.187,61.455,193.72,618.3149999999999,624.3199999999999,57.785,3.321,2.582,2.365,0.0,01012004
현미밥,230.0,351.35,77.8771,0.0,1.1021,6.6576,6.006,178.279,42.079,209.326,0.0,1.0507,1.6518,0.0,0.0,01012005
흑미밥,200.0,318.0,70.28999999999999,0.0,0.39,5.44,6.3,98.6,4.5,112.9,0.0,1.29,1.35,0.0,0.0,01012006
감자밥,200.0,308.0,68.64,0.0,0.08,5.68,6.4,86.8,5.2,267.6,9.2,1.36,1.4,0.0,0.0,01013001
곤드레밥,350.0,506.8,108.052,0.0,8.372,14.14,30.324,95.47999999999999,88.753,815.9235000000001,22.4,1.876,1.778,0.0,0.0,01013002
김치볶음밥,500.0,656.98,79.29000000000002,3.996,5.06,8.739999999999998,35.89,182.12,1094.91,305.71,1.92,1.06,1.85,76.0,0.0,01014001
주먹밥,150.0,209.56,36.18000000000001,0.0,3.463,6.703,85.43200000000002,151.23,329.69,179.326,0.0,0.6970000000000001,0.804,50.13,0.0,01014002
볶음밥,400.0,687.744,100.328,0.0,19.29,24.458,58.42,414.66,1441.42,578.88,14.98,3.294,3.445,309.0,0.0,01014003
일반비빔밥,500.0,702.996,95.68336363600001,3.44,25.283909091,22.595090909,96.79599999999999,289.33,1234.088,742.508,55.8,4.754363635999999,4.159818182,40.2,0.0,01014004
전주비빔밥,450.0,662.192,92.98948756,3.44,13.033502488,15.843492537,65.03999999999999,236.121,1281.302,450.114,10.839,3.23500995,2.863487562,286.943,0.0,01014005
삼선볶음밥,400.0,683.617,113.42848756,5.093999999999999,16.842502488,19.258492537,119.373,249.11,1155.806,640.9730000000001,29.67,4.52400995,3.569487562,119.13,0.0,01014006
새우볶음밥,400.0,634.52,91.62000000000002,0.0,17.905,24.11499999999999,81.82000000000001,341.3,1124.628,710.655,17.68,4.145666666666667,2.817606060333333,127.2,0.0,01014007
알밥,400.0,606.54,92.10000000000001,0.0,3.45,15.16,68.6,235.4,1647.866,510.41,7.4,3.56,3.3,39.0,0.0,01014008
산채비빔밥 ,400.0,495.89,89.6601645,0.52,10.9935671,10.663298701,63.09999999999999,160.294,1060.778,509.952,38.808,3.526268398,2.053437229,0.0,0.0,01014009
오므라이스,450.0,684.986,101.6211645,0.0,19.7515671,23.145298701,81.556,341.2569999999999,1123.236,788.3779999999999,33.71,4.132601730999999,3.665997835,605.625,0.0,01014010
육회비빔밥,450.0,661.41,91.74216450000004,2.58,17.5395671,32.001298701,86.38,404.7400000000001,1126.6,793.74,33.58,5.968268398,6.529437228999999,241.65,0.0,01014011
해물볶음밥,400.0,659.23,85.19216449999999,0.0,23.7095671,22.681298701,77.49999999999999,305.55,951.0300000000001,555.3600000000001,24.2,4.128268398,3.079437229,362.4,0.0,01014012
열무비빔밥,400.0,445.66,90.0321645,1.72,3.1595671,12.991298701,91.05999999999999,167.96,718.39,708.68,1.29,3.908268398,2.652164502,12.8,0.0,01014013
불고기덮밥,500.0,699.96,92.0921645,5.99,21.3995671,29.311298701,45.77000000000001,328.3700000000001,1182.88,764.5,30.22,4.248268398,8.772164501999999,72.0,0.0,01015002
소고기국밥,700.0,331.71,54.93,0.0,4.74,16.04,33.02,194.58,1613.21,485.21,0.0,3.61,2.31,25.5,0.0,01015003
송이덮밥,600.0,600.42,103.57,0.0,14.45,16.28,91.94,279.96,1578.85,1313.48,0.0,5.71,4.25,9.54,0.0,01015004
오징어덮밥,500.0,693.9799999999998,83.42800000000001,2.688,20.92,40.59,76.77000000000001,586.8299999999998,1497.37,874.9599999999999,62.69,3.227,4.626,387.6,0.0,01015005
자장밥,500.0,729.6170000000001,98.078,4.0,24.95,25.758,81.90500000000002,297.1199999999999,1521.85,781.9300000000001,32.504,5.701,5.681999999999998,36.0,0.0,01015006
잡채밥,650.0,851.54,125.7,4.0,28.61,21.14,84.10999999999999,287.78,2251.34,817.0800000000002,32.55,4.829999999999999,5.895999999999999,36.0,0.0,01015007
잡탕밥,750.0,737.23,100.55,0.0,22.48,29.02,77.6,363.2500000000001,1922.135,803.73,15.65,4.859999999999999,6.223999999999999,188.05,0.0,01015008
장어덮밥,400.0,671.7199999999999,103.036424242,0.0,19.236181818,26.135818182,611.1199999999999,448.26,893.22,785.08,28.6,22.165575758,4.746,156.96,0.0,01015009
제육덮밥,500.0,796.94,95.8,5.4,27.52,37.8,46.04,573.7,1375.69,624.95,0.0,6.28,7.17,108.0,0.0,01015010
짬뽕밥,900.0,696.6878378,93.41573338,0.0,22.41699592,41.79552295,394.1657658,667.6127928,2869.53538288,1715.521081,0.0,11.59119369,5.569690154,304.3,0.0,01015011
순대국밥,900.0,690.3500000000001,34.229,0.0,16.478,17.338,132.855,239.255,3418.195,672.91,3.45,9.11,6.622,1480.97,0.0,01015012
카레라이스,500.0,653.24,92.576,0.0,10.667,13.398,27.9,218.24,1108.55,525.62,70.18,1.982,2.655,13.75,0.0,01015013
전주콩나물국밥,900.0,432.38,88.732,0.0,3.525,12.496,76.88,231.65,1753.255,525.79,67.79,2.384,2.368,2.77,0.0,01015014
해물덮밥,700.0,837.976,100.112,0.0,29.0,51.768,167.536,542.32,2117.832,1361.768,34.8,16.632,5.856,293.872,0.0,01015015
회덮밥,500.0,697.996,101.753,18.405,11.397,42.992,117.12,587.9400000000002,777.6299999999999,1131.35,6.98,3.900000000000001,2.672,125.59,0.0,01015016
소머리국밥,1100.0,891.4300000000002,77.05799999999999,0.0,40.76200000000001,48.943,53.255,302.425,970.8949999999999,455.78,24.665,1.891,4.220000000000001,477.1,0.0,01015017
돼지국밥,1200.0,811.4399999999999,78.28399999999999,3.3,36.453,56.755,65.73,280.74,1257.67,497.83,57.14,42.954,43.665,734.4999999999999,0.0,01015018
하이라이스,360.0,477.6,84.591,0.0,9.669,7.92,5.94,139.95,991.68,251.61,6.6,0.546,1.506,8.574,0.0,01015019
김치김밥,250.0,377.2620000000001,71.80399999999999,0.0,4.619999999999999,11.449,79.06,220.2,967.7899999999998,413.86,3.6,1.462,1.957,99.6,0.0,01016001
농어초밥,250.0,414.78,74.14399999999999,6.972,2.367,19.925,54.125,273.49,1385.46,479.7,0.0,1.5765,1.6655,43.47,0.0,01016002
문어초밥,250.0,377.97,71.835,4.98,1.03,16.904,30.2,256.61,1420.922,395.09,25.75,1.113,2.523,96.0,0.0,01016003
새우초밥,250.0,395.54,69.54299999999999,2.988,1.206,22.737,73.38999999999999,341.13,1396.751,372.745,2.6,2.619,2.169,138.33,0.0,01016004
새우튀김롤,300.0,572.016,81.496,3.996,18.896,21.112,110.82,371.52,1512.501,715.82,0.24,3.415999999999999,2.492,96.53999999999999,0.0,01016005
샐러드김밥,250.0,422.434,75.84150000000001,0.0,7.508,12.764,45.65850000000001,226.5095,906.6774999999999,541.3279999999999,13.7375,2.147,2.240499999999999,100.5305,0.0,01016006
광어초밥,300.0,471.6640000000001,72.526,5.229,3.206,33.74149999999999,88.07100000000001,410.8865,951.2755,747.0895,1.4,2.956,1.943,126.495,0.0,01016007
소고기김밥,250.0,425.6660000000001,76.07049999999998,0.0,6.636000000000001,14.671,64.3295,236.137,1477.9845,553.9969999999998,12.5195,2.2725,2.6055,99.8725,0.0,01016008
갈비삼각김밥,100.0,183.18,32.746,0.0,2.595,6.861000000000001,14.925,90.90299999999999,398.119,180.594,4.932,1.159,1.172,12.42,0.0,01016009
연어롤 ,300.0,518.58,76.107,0.0,14.719,20.723,64.97300000000001,359.158,1243.818,665.561,23.577,3.833,2.139,51.73200000000001,0.0,01016010
연어초밥,250.0,451.029,70.868,3.964,5.763,24.94,38.0255,367.082,995.03,476.129,0.796,1.687,1.874,54.6,0.0,01016011
유부초밥,250.0,463.21,78.47399999999999,6.765,11.232,12.366,120.18,225.59,929.0659999999998,291.498,27.276,2.108,2.137,0.0,0.0,01016012
장어초밥,400.0,486.34837,74.84050999999998,2.0595,12.7349,16.32504,132.82813,283.26887,1291.80505,500.6418,14.5475,2.5158,2.39437,130.42722,0.0,01016013
참치김밥,250.0,401.224,47.553,0.0,14.587,19.825,57.80499999999999,279.82,925.7310000000001,380.325,15.63,4.523,1.9622,143.67,0.0,01016014
참치마요삼각김밥,100.0,189.582,31.934,0.0,2.889,8.11,6.98,82.82000000000001,189.1,69.275,0.0,1.591,0.7718,16.63,0.0,01016015
치즈김밥 ,250.0,462.2269,77.125,0.0,8.843,17.1226,137.5233,330.2333,919.9703,445.7231,10.18,1.4263,2.53,83.02000000000001,0.0,01016017
캘리포니아롤,300.0,468.16,81.22,0.0,9.73,12.8,106.58,211.89,1351.96,271.15,3.06,4.95,3.08,28.34,0.0,01016018
한치초밥,250.0,389.96,77.31,1.74,1.2,13.54,19.98,222.63,1153.49,182.25,1.65,1.86,2.54,0.75,0.0,01016019
일반김밥,200.0,348.87,63.636,0.0,5.424,10.276,41.45,159.43,951.3200000000002,355.38,3.24,3.398,1.906,69.12,0.0,01016020
간자장,650.0,807.7367999999999,121.748,6.7932,26.3806,29.2832,124.3488,308.088,2347.7712,607.1768000000001,21.248,7.059999999999999,2.6116,19.4344,0.0,02011001
굴짬뽕,900.0,640.774,115.816,1.998,7.759,37.39,196.77,506.6,2385.345,1371.885,48.86000000000001,14.281,10.337,178.2,0.0,02011002
기스면,1000.0,645.6099999999999,98.30199999999999,0.0,11.004,43.517,270.98,443.37,2279.524,862.721,11.6,12.271,3.133,341.1,0.0,02011003
김치라면,650.0,512.2552499999999,80.56555,2.27305,20.3385,12.97075,62.70224999999999,166.9395,2628.288,652.66825,1.495,1.8239,1.29675,15.405,0.0,02011004
김치우동,800.0,512.712,99.064,0.0,4.736,16.744,247.856,233.552,3003.048,725.528,11.2,4.144,1.76,33.44,0.0,02011005
김치말이국수,600.0,310.377,60.75599999999999,2.997,2.469,10.418,105.79,190.999,2335.448,453.9569999999999,0.0,2.426,1.434,22.23,0.0,02011006
닭칼국수,900.0,643.097,70.238,0.0,19.58700000000001,39.85900000000001,110.155,285.9659999999999,2492.774,913.479,5.774999999999999,2.451000000000001,1.637,113.772,0.0,02011007
들깨칼국수,600.0,442.3219999999999,76.674,2.398,6.778,17.477,176.467,217.32,1695.773,693.3120000000001,0.0,2.452,1.075,16.72,0.0,02011008
떡라면,700.0,672.1799999999998,121.083,0.0,17.579,15.451,30.33,2376.04,2214.356,362.5099999999999,0.515,1.594,1.3486,2.344,0.0,02011009
라면,550.0,509.328,83.16800000000002,0.0,17.748,14.077,32.993,145.281,1695.501,374.069,0.97,1.226,1.191,2.344,0.0,02011010
막국수,550.0,566.886,111.302,11.022,5.087499999999999,26.9485,68.89600000000002,286.782,1828.021,894.768,19.55,3.9275,5.231,37.1,0.0,02011011
메밀국수,600.0,588.6750000000001,120.087,10.162,4.526999999999999,25.259,76.058,224.956,1962.458,629.1239999999998,11.48,3.212,4.64,35.98,0.0,02011012
물냉면,800.0,579.71,96.40300000000002,1.199,9.779,28.784,87.735,422.72,2586.1597,1042.885,16.39,7.770999999999999,5.6895,178.225,0.0,02011013
비빔국수,550.0,577.17,114.475,11.015,9.549999999999999,16.705,130.69,262.575,1628.3,1389.395,7.55,6.27,2.59,0.0,0.0,02011014
비빔냉면,550.0,594.3100000000001,91.49200000000002,1.999,9.127999999999998,23.699,64.99000000000001,1186.3,1530.57,298.62,12.314,6.434,4.632,31.731,0.0,02011015
삼선우동,1000.0,692.2599999999999,89.195,1.999,10.528,56.1725,216.64,687.99,2351.4322,1527.995,68.7435,11.293,5.4695,640.675,0.0,02011016
삼선자장면,700.0,787.844,111.57,1.999,24.682,38.326,143.37,493.95,2791.1097,850.27,41.696,6.669,3.563,162.24,0.0,02011017
삼선짬뽕,900.0,629.1000000000001,89.31099999999999,2.997,13.452,39.17,172.14,509.6,2825.66,1501.78,0.0,9.818999999999999,4.368,249.3,0.0,02011018
수제비,800.0,622.148,99.21699999999998,0.0,6.540999999999999,38.529,1054.841,907.2770000000002,1669.3157,1892.553,46.05,11.102,4.707999999999999,209.0,0.0,02011019
쌀국수,600.0,321.335,46.19799999999999,2.198,5.814,21.848,45.01600000000001,184.223,2032.165,360.686,48.04,3.205,4.894000000000001,123.03,0.0,02011020
열무김치국수,800.0,488.324,81.61199999999998,0.0,8.223,21.936,341.36,295.982,2587.704,1125.83,1.15,4.448,1.7318,45.144,0.0,02011021
오일소스스파게티,400.0,626.5849999999999,99.24400000000001,0.0,16.585,14.675,37.37,52.555,968.6960000000001,218.39,0.0,3.007,2.3465,0.0,0.0,02011023
일식우동,700.0,420.7930000000001,81.226,0.5,1.739,16.935,88.548,155.031,1873.543999999999,371.349,9.342,3.173,0.708,16.202,0.0,02011024
볶음우동,300.0,377.92,62.259,0.9084,10.81,9.584999999999997,50.25,93.80000000000001,1461.31,637.56,5.73,2.073,1.019,0.0,0.0,02011025
자장면,650.0,760.88275,134.2891,7.992,23.1648,15.739625,166.695875,302.55975,2446.996375,1013.844,37.456,5.32525,1.406825,3.08,0.0,02011027
잔치국수,700.0,564.2339999999999,104.665,0.44,6.226000000000001,20.262,250.382,277.299,1792.226,904.1229999999999,3.553,3.773,1.903,167.409,0.0,02011028
짬뽕,1000.0,650.3059999999999,118.544,0.0,13.525,25.525,82.74100000000001,320.5969999999999,3451.367999999999,857.4429999999999,32.8,4.604999999999999,3.554999999999999,105.225,0.0,02011029
짬뽕라면,750.0,633.34,88.792,0.0,24.628,31.408,127.96,393.28,2380.926,1279.06,0.0,11.156,3.84,85.27999999999999,0.0,02011030
쫄면,450.0,622.4189999999999,110.852,22.13,6.932,12.358,140.025,304.89,1271.545,547.135,19.64,4.192,1.455,0.0,0.0,02011031
치즈라면,600.0,598.674,83.534,0.0,23.282,23.347,152.409,367.7929999999999,2425.97,652.327,0.0,3.056,2.992999999999999,302.2,0.0,02011032
콩국수,800.0,623.5,67.116,0.999,20.433,47.802,227.94,591.0600000000001,875.8390999999999,1343.71,0.0,8.579999999999998,5.327,0.0,0.0,02011033
크림소스스파게티,400.0,825.0615000000001,85.87595000000002,0.0,45.39685000000001,19.44275,233.3296,333.992,1025.2077,916.2121,0.0,3.2619,2.55225,140.1455,0.0,02011034
토마토소스스파게티,500.0,642.1776000000001,102.072,0.0,17.3664,20.2224,97.17599999999999,220.6896,1404.8112,1651.296,0.0,5.0928,3.3888,12.648,0.0,02011035
해물칼국수,900.0,621.1973999999999,124.2099,0.0,4.0107,24.8733,150.0489,332.5052999999999,2195.0535,887.2172999999999,0.0,10.5444,2.1228,156.774,0.0,02011036
회냉면,550.0,638.902,131.8955,22.72875,8.777999999999999,20.218,122.045,306.79,1524.2755,1374.1475,0.0,6.093999999999999,3.1405,92.895,0.0,02011037
떡국,800.0,714.9869,144.0299,0.0,5.386700000000001,21.8622,222.523,362.3531,2019.2821,610.3986,0.0,4.515200000000001,4.1334,90.802,0.0,02011038
떡만둣국,700.0,625.347,113.9604,0.0,9.3978,22.7217,150.6477,289.7448,1999.1163,949.8609,0.0,3.7605,3.2361,298.8114,0.0,02011039
짜장라면,250.0,409.375,63.77499999999999,0.0,14.85,12.0125,63.625,166.0,1276.375,490.25,0.0,1.625,0.835,1.5,0.0,02011040
고기만두,250.0,454.385,55.325,0.0,18.245,18.6575,121.6375,234.6375,888.8000000000002,767.3375000000001,0.0,4.19,3.09,21.0,0.0,02012001
군만두,250.0,684.4199999999998,76.17,0.0,31.175,19.7725,53.37750000000001,281.6174999999999,983.7025000000001,595.0325,0.0,4.85,2.6575,36.0,0.0,02012002
김치만두,250.0,424.6424000000001,60.7932,0.0,13.0962,18.4314,91.73060000000002,271.1773999999999,961.9740000000002,1181.7676,0.0,5.5406,2.815799999999999,20.28,0.0,02012003
물만두,120.0,158.05255,20.48495,0.0,5.842,5.858099999999999,27.6023,81.85815,269.5197499999999,259.7091,0.0,1.4214,0.7865999999999997,7.589999999999999,0.0,02012004
만둣국,700.0,432.621,53.27699999999999,0.0,14.924,19.243,163.289,300.748,2356.668999999999,1202.838,0.0,5.032999999999999,2.135,94.22,0.0,02012005
게살죽,800.0,554.2379999999999,103.5906,0.0,7.625999999999999,18.1466,159.9984,235.9058,1533.9576,857.0639999999997,0.0,7.4948,3.3046,40.86879999999999,0.0,03011001
깨죽,800.0,505.6775000000001,71.13100000000001,0.0,18.9406,13.4294,407.8786,262.363,1212.2731,186.5923,0.0,6.3163,5.071300000000001,0.0,0.0,03011002
닭죽,1000.0,1181.71,92.53000000000003,0.0,48.17999999999999,75.93,116.55,584.82,789.79,1290.97,0.0,9.84,5.55,271.44,0.0,03011003
소고기버섯죽,800.0,573.2374,102.9346,0.0,6.461599999999999,20.5246,31.2502,288.7629999999999,1263.62,504.505,0.0,2.1976,4.329599999999999,29.315,0.0,03011004
어죽,800.0,559.2741,90.46730000000001,0.0,6.0753,15.5309,368.7915,369.061,1621.2897,450.2113000000001,0.0,4.8279,3.126199999999999,75.768,0.0,03011005
잣죽,700.0,872.6080000000001,153.7851,0.0,20.2943,15.7919,15.3296,196.779,850.6253,296.542,0.0,4.2277,4.5225,0.0,0.0,03011006
전복죽,800.0,587.2914000000001,105.0365,0.0,11.454,14.5748,75.2312,269.7085,1423.9314,405.9032,0.0,2.3157,2.531500000000001,45.15200000000001,0.0,03011007
참치죽,800.0,658.4603999999999,105.9396,0.0,13.8528,26.0832,63.7806,341.2812,1264.146,851.6508000000001,0.0,4.9842,2.5428,40.755,0.0,03011008
채소죽,800.0,514.8324,100.7952,0.0,5.1294,11.8939,227.2623,290.1846,1211.634,1377.634,0.0,2.730700000000001,2.5149,24.2858,0.0,03011009
팥죽,600.0,482.652,100.74,4.794,0.564,20.592,90.99600000000001,76.74000000000001,1026.114,940.818,0.0,6.03,5.154,0.0,0.0,03011010
호박죽,600.0,430.326,111.408,25.776,0.72,8.112,18.174,165.36,911.7180000000001,1858.902,0.0,1.98,2.58,0.0,0.0,03011011
콘스프,400.0,280.482,35.372,0.0,14.016,5.822,0.0,0.0,1319.462,0.0,0.0,0.0,0.0,40.706,0.0,03012001
토마토스프,400.0,382.4119999999999,12.418,0.0,25.402,18.2,0.0,0.0,1544.308,0.0,0.0,0.0,0.0,70.8,0.0,03012002
굴국,450.0,194.4225,11.4435,0.0,8.649000000000003,22.8015,270.9675,400.9725,1775.97,759.1500000000001,0.0,5.724,13.6125,45.0,0.0,04011001
김치국,450.0,85.9995,13.005,0.0,3.375,6.0345,111.348,144.8775,1646.1495,580.185,0.0,1.917,1.1745,0.0,0.0,04011002
달걀국,450.0,193.041,5.350499999999999,0.0,11.1105,16.1865,65.74950000000001,225.2025,1263.9645,229.572,0.0,2.0835,1.809,641.25,0.0,04011003
감자국,700.0,220.073,37.00899999999999,0.0,2.163,16.996,466.578,462.5949999999999,1734.152,1855.315,0.0,5.334,2.695,87.78,0.0,04011004
미역국,500.0,50.16499999999999,4.694999999999999,0.0,4.35,2.700000000000001,112.695,43.92,1527.55,658.7149999999999,0.0,1.11,0.4450000000000001,0.0,0.0,04011005
바지락조개국,550.0,159.247,8.5085,0.0,1.8425,25.828,168.949,388.487,1650.847,580.0629999999999,0.0,29.4635,2.299,145.2,0.0,04011006
소고기무국,400.0,125.224,8.136,0.0,4.715999999999999,13.512,60.644,131.528,1095.184,662.8320000000001,0.0,3.988,1.712,28.56,0.0,04011007
소고기미역국,650.0,154.9275,6.909500000000001,0.0,6.825000000000001,20.228,123.383,207.129,2006.875,912.73,0.0,3.5685,6.0645,41.34,0.0,04011008
순대국,800.0,550.6639999999999,22.81600000000001,0.0,32.93599999999999,41.224,125.032,208.528,1532.592,592.3439999999999,0.0,10.792,4.416,774.7679999999999,0.0,04011010
어묵국,600.0,252.0900000000001,37.164,0.0,4.206,22.854,599.2500000000001,468.036,2022.744,1696.266,0.0,6.774,2.772,100.368,0.0,04011011
오징어국,500.0,169.035,10.595,0.0,2.355,27.74000000000001,81.87,409.095,1573.42,810.7100000000002,0.0,2.345,2.745,296.4,0.0,04011012
토란국,250.0,462.97,85.16,0.0,7.0725,23.8875,318.3475,465.3675,700.6700000000001,2625.184999999999,0.0,5.645,2.6925,37.72499999999999,0.0,04011013
탕국,250.0,94.23750000000001,2.575,0.0,4.32,12.0775,286.0475,220.635,663.0474999999999,250.6125,0.0,3.5975,1.27,35.475,0.0,04011014
홍합미역국,650.0,168.883,14.131,0.0,6.4285,19.9875,289.38,226.2845,2066.272,1549.6845,0.0,11.0955,3.0095,79.625,0.0,04011015
황태해장국,600.0,184.224,6.389999999999999,0.0,7.218000000000001,25.212,156.402,314.214,1526.82,661.332,0.0,2.19,1.002,91.608,0.0,04011016
근대된장국,450.0,109.2645,8.136,0.0,3.213,15.309,621.1035,436.374,1453.194,1211.004,0.0,6.12,2.367,112.86,0.0,04012001
미소된장국,150.0,37.9665,1.695,0.0,1.746,4.1385,98.5845,88.75050000000002,511.98,156.7305,0.0,1.3785,0.5414999999999999,15.675,0.0,04012002
배추된장국,700.0,121.534,11.039,0.0,3.625999999999999,13.958,103.803,172.074,2321.48,771.841,0.0,3.528,4.542999999999999,25.97,0.0,04012003
뼈다귀해장국 ,1000.0,715.9799999999999,29.71,0.0,45.37,53.63,239.71,412.34,3093.6,1676.56,0.0,5.57,5.22,216.24,0.0,04012004
선지(해장)국,1000.0,314.42,22.29,0.0,5.029999999999999,48.09999999999999,84.31,105.25,3053.19,684.1,0.0,106.24,13.76,149.6,0.0,04012005
콩나물국,400.0,22.53,1.261,0.0,1.422,1.822,33.49,44.86,752.425,82.798,8.515,0.479,0.25,7.41,0.0,04012006
시금치된장국,400.0,121.448,9.896,0.0,3.388,16.688,624.972,444.756,1381.248,1324.58,0.0,7.275999999999999,2.596,117.04,0.0,04012007
시래기된장국,450.0,99.12149999999997,10.683,0.0,2.5425,10.017,392.8275,223.416,1535.6295,484.551,0.0,4.401000000000001,1.9755,37.62,0.0,04012008
쑥된장국,450.0,117.315,17.1655,0.0,2.552,13.211,502.7385,317.042,1799.6,1434.719,0.0,5.9455,1.826,68.97,0.0,04012009
아욱된장국,450.0,103.527,9.963,0.0,2.9385,11.997,292.986,262.602,1462.1265,850.8285,0.0,4.1355,1.8225,37.62,0.0,04012010
우거지된장국,450.0,85.97250000000001,13.716,0.0,1.8135,6.444,89.30250000000001,122.0625,1593.99,611.8425,0.0,1.5075,1.4355,0.0,0.0,04012011
우거지해장국,600.0,158.496,14.8564,0.0,5.725200000000001,14.1856,103.792,237.172,1972.088,664.716,0.0,3.2396,2.4492,13.26,0.0,04012012
우렁된장국,500.0,245.275,21.19,0.0,7.049999999999999,24.72,2105.3,270.925,2150.425,745.05,0.0,11.11,5.035,22.95,0.0,04012013
갈비탕,600.0,240.396,8.208,0.0,14.334,18.672,55.314,204.57,1688.43,556.9140000000001,0.0,2.640000000000001,4.061999999999999,189.84,0.0,04013002
감자탕,900.0,963.7085000000001,49.6375,0.9006,58.2825,60.553,628.4820000000001,767.8374999999999,2439.3815,2414.9,0.0,6.688,8.075,143.6875,0.0,04013003
곰탕,300.0,181.416,15.498,0.0,5.436000000000001,16.593,43.095,148.338,713.6429999999999,425.652,0.0,3.885000000000001,1.971,33.66,0.0,04013004
매운탕,600.0,402.792,18.828,1.548,21.564,37.164,118.302,437.088,2130.954,1522.5,0.0,3.33,2.616,148.77,0.0,04013005
꼬리곰탕,700.0,750.6948000000001,10.9344,0.0,52.80270000000001,54.86630000000001,96.7748,552.8103,764.7313,817.9561,0.0,6.3851,12.2409,361.2305,0.0,04013006
꽃게탕,600.0,240.654,20.772,0.0,5.49,31.704,273.9659999999999,443.04,2268.858,1369.602,0.0,8.639999999999997,8.322,207.9,0.0,04013007
낙지탕,600.0,186.102,11.766,0.0,2.73,29.214,102.324,375.39,1711.122,910.2959999999999,0.0,3.264,4.494,249.6,0.0,04013008
내장탕,700.0,549.808,13.699,0.0,31.507,56.973,268.4780000000001,559.426,2383.073,1241.548,0.0,12.922,14.231,467.04,0.0,04013009
닭곰탕,650.0,527.7025000000001,15.392,0.0,24.141,58.877,119.6065,757.3799999999999,1005.186,1691.625,0.0,11.648,6.831499999999999,230.49,0.0,04013010
닭볶음탕,300.0,371.811,19.173,2.016,17.319,33.846,39.84,352.902,1030.455,638.994,0.0,2.735999999999999,4.167000000000001,119.25,0.0,04013011
지리탕,600.0,260.5915000000001,10.5235,0.0,8.359,38.34350000000001,199.8425,475.8195,1685.164,1581.45,0.0,2.580499999999999,1.8655,154.154,0.0,04013012
도가니탕,800.0,563.648,5.584,0.0,34.76799999999999,54.6,59.712,506.072,599.272,725.608,0.0,5.44,13.28,192.64,0.0,04013013
삼계탕,1000.0,881.3245,44.08000000000001,0.0,40.57449999999999,76.64600000000002,58.9665,742.3679999999999,1211.3165,439.9165,0.0,5.2725,9.613999999999999,285.0,0.0,04013014
설렁탕,600.0,422.76,10.938,0.0,18.204,52.70999999999999,86.91,449.85,725.1600000000001,432.48,0.0,4.103999999999999,22.224,219.36,0.0,04013015
알탕,700.0,424.125,49.52249999999999,14.85,6.9795,49.2075,114.426,790.9694999999999,2393.286000000001,1469.8035,0.0,7.339499999999999,3.946500000000001,610.7985000000001,0.0,04013017
연포탕,1000.0,541.19,21.64,0.0,9.2,91.65,366.68,1171.55,2307.07,2367.6,0.0,33.14000000000001,10.65,844.0,0.0,04013018
오리탕,600.0,480.822,24.156,1.032,21.636,43.21200000000001,89.10000000000001,478.584,1849.926,810.8580000000001,0.0,7.433999999999999,5.196000000000001,161.7,0.0,04013019
추어탕,700.0,338.667,24.416,1.806,11.508,37.366,1598.499,975.8980000000001,2077.152,906.871,0.0,24.703,6.797,298.48,0.0,04013020
해물탕,600.0,272.2619999999999,19.584,1.548,3.383999999999999,41.742,233.742,554.8800000000001,2071.986,1218.54,0.0,8.021999999999998,7.883999999999998,350.22,0.0,04013021
닭개장,700.0,317.0703999999999,19.1828,0.0,14.9464,33.74160000000001,87.84920000000001,388.1848,1786.0336,1057.8692,0.0,5.372,4.732799999999999,96.89999999999999,0.0,04013022
육개장,440.0,137.8564,11.6223,0.0,5.8672,13.4387,61.9039,145.8383,1112.7844,719.3267,0.0,4.1287,2.052,24.225,0.0,04013023
뼈해장국,1000.0,692.93,25.42000000000001,0.0,37.16,67.92,564.57,609.13,3192.46,1299.07,0.0,33.51000000000001,13.37,634.2,0.0,04013024
미역오이냉국,450.0,77.34599999999999,19.7415,8.991,1.3545,5.606999999999999,214.695,209.88,1483.6005,1520.118,0.0,2.772,1.224,0.0,0.0,04014001
고등어찌개,600.0,605.3099999999998,32.03400000000001,0.0,28.2,59.16000000000001,185.01,768.3,2599.71,2013.06,0.0,8.447999999999999,4.23,206.64,0.0,04015001
꽁치찌개,300.0,356.634,14.478,0.7224,20.68500000000001,29.51100000000001,111.69,388.584,1296.33,705.6659999999999,0.0,4.254,1.821,84.48,0.0,04015002
동태찌개,800.0,369.688,18.944,1.376,7.800000000000001,59.56799999999999,262.752,789.144,2487.544,1573.096,0.0,4.744000000000001,2.392,292.656,0.0,04015003
부대찌개,600.0,525.984,46.806,0.0,28.482,27.714,140.646,344.388,2689.188,880.56,0.0,4.05,3.906,42.96000000000001,0.0,04016001
된장찌개,400.0,147.064,15.976,0.0,5.267999999999999,11.708,112.692,194.764,2021.78,429.752,0.0,1.932,1.616,0.0,0.0,04017001
청국장찌개,400.0,275.464,14.968,0.0,14.432,25.844,180.64,423.4839999999999,1839.752,947.1200000000001,0.0,4.94,4.383999999999999,36.0,0.0,04017002
두부전골,500.0,315.11,16.195,0.8600000000000001,19.15,29.145,365.9100000000001,441.1,1651.525,807.05,0.0,6.065,3.345,0.0,0.0,04018001
곱창전골,600.0,532.65,26.886,0.0,34.728,38.34600000000001,331.71,536.7600000000001,1750.422,1145.13,0.0,8.7,5.286,230.7,0.0,04018002
소고기전골,300.0,203.223,16.548,0.0,7.542,19.467,117.798,242.391,1090.149,690.6659999999999,0.0,4.065,5.312999999999997,31.8,0.0,04018003
국수전골,400.0,643.1600000000001,66.928,3.996,22.388,45.29199999999999,81.60000000000001,392.16,1524.628,1539.3,0.0,10.98,5.104000000000001,81.6,0.0,04018004
돼지고기김치찌개,400.0,246.288,9.328,0.0,18.256,15.5,136.712,235.528,1961.476,725.9400000000002,0.0,2.48,2.136,25.3,0.0,04019001
버섯찌개,400.0,171.86,15.26,0.0,7.524,16.644,165.6,283.02,1267.812,735.9599999999999,0.0,3.952,2.384,0.0,0.0,04019002
참치김치찌개,400.0,193.576,13.332,0.0,10.888,16.856,200.5,283.596,2604.452,795.1199999999999,0.0,4.384,1.72,35.44,0.0,04019003
순두부찌개,400.0,198.468,8.78,0.0,14.032,14.716,135.172,218.604,1331.312,547.852,0.0,2.808,1.556,6.6,0.0,04019004
콩비지찌개,400.0,248.664,24.516,0.0,12.808,15.964,136.412,146.024,1206.328,496.652,0.0,5.051999999999999,1.892,27.06,0.0,04019005
햄김치찌개,300.0,190.4662,15.4367,0.0,10.6807,11.6261,116.5307,220.2405,1527.8157,482.9312,0.0,2.1402,1.6443,23.374,0.0,04019006
호박찌개,300.0,98.30099999999999,12.735,2.064,2.337,7.779000000000001,194.835,234.99,1028.145,652.005,0.0,3.276,0.912,59.28,0.0,04019007
고추장찌개,500.0,263.4432,20.0832,0.0,12.3456,25.6176,498.0096,494.0928000000001,935.1456000000001,863.4048,0.0,5.9472,3.2112,48.1536,0.0,04019008
대구찜,500.0,372.6799999999999,26.425,0.0,8.43,54.08000000000001,223.85,660.7499999999999,1888.04,1899.74,0.0,4.99,2.829999999999999,196.35,0.0,05011001
도미찜,100.0,126.312,0.756,0.0,3.684,21.006,41.55,274.14,882.04,420.22,3.24,1.098,0.794,191.25,0.0,05011002
문어숙회,80.0,67.488,0.1824,0.0,0.7296,14.136,28.32,171.456,222.832,273.752,0.0,0.9119999999999999,1.4592,116.736,0.0,05011004
아귀찜,400.0,310.696,17.588,0.0,6.676000000000001,48.848,161.7320000000001,619.1599999999997,1463.312,1467.528,0.0,11.42,3.752000000000001,187.42,0.0,05011008
조기찜,100.0,185.252,1.813,0.3407999999999999,9.195,22.271,45.626,214.85,631.892,471.25,0.73,1.191,1.009,105.74,0.0,05011010
참꼬막,80.0,89.76720000000002,4.920799999999999,1.5984,2.1712,12.9832,101.7,212.1496,400.228,329.7464,0.0,6.128000000000001,2.1712,46.992,0.0,05011011
해물찜,500.0,397.3749999999999,36.02,0.0,8.935,50.27500000000001,264.585,657.525,2213.435,1440.41,0.0,16.39,5.535,323.975,0.0,05011012
소갈비찜,250.0,500.4525,11.31,0.0,29.165,42.545,22.99,385.4875,768.4225000000001,749.0875000000001,0.0,3.6525,9.2125,141.825,0.0,05012001
돼지갈비찜,170.1,249.699,8.82,1.764,14.418,20.565,30.945,243.75,946.677,391.566,0.0,1.104,2.688,70.38,0.0,05012002
돼지고기수육,300.0,1218.1856,8.694199999999999,0.0,99.51639999999998,61.4684,66.9001,483.604,389.5309,769.5208000000001,0.0,3.654,8.6217,191.4,0.0,05012003
찜닭,1500.0,1358.384,140.6418,57.524,36.5438,114.902,232.943,703.3550000000001,5290.091,2290.156,0.0,9.752799999999999,7.533599999999999,341.64,0.0,05012004
족발,150.0,381.5719999999999,32.3,0.0,16.62,26.02,38.288,165.472,839.1449,338.5439999999999,0.0,2.688,1.576,98.0,0.0,05012005
달걀찜,250.0,190.0,4.8075,0.0,10.9125,16.2025,89.2525,230.175,860.3175,229.5675,0.0,2.0725,1.8075,634.57,0.0,05013001
닭갈비,300.0,562.104,24.543,3.513,28.887,52.29599999999999,99.26100000000002,502.197,975.549,1087.683,0.0,4.17,5.676,224.1,0.0,06012001
닭꼬치,70.0,177.5053,12.8982,8.582699999999999,7.895999999999999,12.3487,8.7465,106.7976,287.2610999999999,169.4098,0.0,0.7468999999999999,1.2719,47.59999999999999,0.0,06012002
돼지갈비,100.0,248.5242,7.6005,5.011200000000001,14.7006,19.9476,19.7316,218.997,344.8854,281.2194,0.0,0.6867000000000001,2.586599999999999,72.036,0.0,06012003
떡갈비,250.0,762.9875,26.6075,12.4875,51.575,43.085,26.175,411.7625,838.8375,915.6750000000001,0.0,3.257500000000001,8.657499999999999,157.5,0.0,06012004
불고기,150.0,386.7908,13.0548,1.0956,21.78,32.9032,62.315,298.9822,632.5353999999998,887.3325999999998,0.0,4.2328,8.399600000000001,106.216,0.0,06012005
소곱창구이,150.0,639.1095,6.507,0.0,51.708,35.616,87.1575,404.7705,332.718,566.4315,0.0,8.8215,4.9245,652.5,0.0,06012006
소양념갈비구이,300.0,986.9166,27.74475,14.3075,66.4753,61.97065000000001,79.57035,595.7554499999999,1272.34385,1325.37305,0.0,5.566650000000001,12.3251,220.955,0.0,06012007
소불고기,200.0,174.7334999999999,19.6327,9.490499999999999,4.6797,14.2234,63.1693,157.7304,828.1510999999998,547.409,0.0,3.801899999999999,1.6226,27.93,0.0,06012008
양념왕갈비,150.0,485.5065000000001,15.036,8.352,33.70650000000001,29.3325,44.4165,335.2995,533.1929999999999,451.0845,0.0,1.3065,3.8955,103.5,0.0,06012009
햄버거스테이크,200.0,436.7520000000001,21.35,0.0,28.052,24.924,60.60199999999999,258.454,920.262,786.996,0.0,2.878,4.688000000000001,75.78,0.0,06012010
훈제오리,250.0,789.9625,11.8275,6.245000000000001,64.6525,38.1575,42.2625,456.725,1216.975,694.0375,0.0,4.4975,3.4575,200.25,0.0,06012011
치킨데리야끼,340.0,692.5248,50.72960000000001,3.64096,32.192,47.34079999999999,66.1344,501.2160000000001,865.9775999999999,785.0432,0.0,3.5936,6.0672,171.2512,0.0,06012012
치킨윙,100.0,219.419,9.965,2.4462,14.23,11.405,11.706,72.625,351.394,113.24,1.745,0.995,0.774,66.0,0.0,06012013
더덕구이,100.0,183.74,31.78,10.8475,5.621,5.802,37.64,151.08,745.78,326.3,3.3,2.809,0.369,0.0,0.0,06013001
양배추구이,100.0,60.933,7.621,0.8420000000000001,2.651,2.711,32.208,45.841,242.337,235.389,16.3,0.723,0.583,5.5,0.0,06013002
두부구이,100.0,90.671,1.527,0.0,6.267,9.411,127.722,142.359,164.39,97.264,0.4,1.544,1.018,0.0,0.0,06013003
삼치구이,200.0,355.7061000000001,8.475299999999999,0.0,18.009,37.82700000000001,103.7421,456.8427,797.7096000000003,909.3168000000001,0.0,2.7432,2.2167,156.87,0.0,06014001
가자미전,150.0,220.464,6.684,0.0,7.123499999999999,29.9715,59.5965,279.4755,814.374,495.9795,0.0,1.293,0.909,226.875,0.0,07011001
굴전,100.0,192.81,13.922,0.0,9.067,12.563,95.58,200.07,331.021,254.425,23.81,3.302,10.214,123.0,0.0,07011002
동태전,150.0,265.2507,11.47718,0.0,16.14041,19.86699,61.9905,256.2131,672.9765899999999,379.05725,0.0,0.77935,0.6349199999999999,134.563,0.0,07011003
해물파전,150.0,267.2312000000001,27.67616,0.0,12.56736,12.9352,111.796,186.884,356.42632,530.4875999999999,0.0,6.868880000000001,1.35584,96.8392,0.0,07011004
동그랑땡,150.0,312.4125,14.706,0.0,18.72300000000001,19.674,74.16000000000001,221.8875,579.8100000000001,373.6874999999999,0.0,1.9965,2.1,184.275,0.0,07012001
햄부침,100.0,232.598,9.733,0.0,15.481,13.067,7.383,249.971,774.678,191.619,2.35,0.724,0.885,52.15,0.0,07012002
육전,100.0,197.098,6.724,0.299,9.514,19.582,13.139,173.222,248.684,338.324,3.4,1.964,3.561,91.5,0.0,07012003
감자전,200.0,366.1585000000001,53.81180000000001,0.0,13.6135,9.6691,15.2,192.318,456.5301,1343.6515,0.0,1.9456,1.4896,0.0,0.0,07013001
고추전,150.0,261.4425000000001,17.7765,0.747,14.8605,13.938,31.3875,161.88,359.8845,415.8149999999999,0.0,1.8255,2.295,160.65,0.0,07013002
김치전,150.0,285.728,32.0688,0.0,12.4784,13.1728,83.952,214.224,785.6,529.6,0.0,2.4656,1.934400000000001,136.0,0.0,07013003
깻잎전,150.0,357.6225000000001,16.6515,0.747,24.6405,18.297,107.6925,199.83,464.9355,503.925,0.0,2.742,3.1635,171.375,0.0,07013004
녹두빈대떡,100.0,200.71,18.637,0.0,8.321,9.956,39.67,161.97,246.031,391.525,15.1,1.687,1.024,13.75,0.0,07013005
미나리전,150.0,215.8635,30.096,0.0,8.632499999999999,6.087000000000001,39.09,103.0425,235.647,598.8075,0.0,3.237,0.645,28.5,0.0,07013006
배추전,150.0,241.008,32.51200000000001,0.0,10.4944,6.409600000000001,95.90400000000001,104.304,355.976,618.44,0.0,1.7616,1.2128,30.4,0.0,07013007
버섯전,150.0,239.6835,18.6075,0.747,12.93,11.934,38.04300000000001,132.54,307.923,291.021,0.0,2.5425,1.4895,126.075,0.0,07013008
부추전,150.0,241.182,32.0115,0.0,9.5025,7.141500000000001,30.765,68.11500000000001,255.1605,405.6569999999999,0.0,2.4615,0.5175,7.125,0.0,07013009
야채전,100.0,194.94,24.971,0.0,8.78,4.946,31.17,77.6,322.923,436.235,20.51,1.301,0.624,23.75,0.0,07013010
파전,150.0,280.548,37.455,0.0,12.0375,7.726500000000001,87.59999999999998,118.32,337.998,481.7699999999999,0.0,1.9065,0.8999999999999999,57.0,0.0,07013011
호박부침개,100.0,130.722,8.671,0.0,9.235,3.37,13.6,40.5,172.027,192.718,3.81,0.624,0.304,61.75,0.0,07013012
호박전,150.0,215.283,16.557,0.0,14.4195,6.589500000000001,48.645,95.985,274.6305,669.087,0.0,1.653,0.858,106.875,0.0,07013013
달걀말이,100.0,172.238,4.668,0.0,11.232,12.044,49.643,169.301,323.323,200.884,13.2,1.57,1.385,475.0,0.0,07014001
두부부침,100.0,134.88,4.288,0.0,8.755,9.922,131.042,150.136,199.833,119.91,1.46,1.644,1.07,0.0,0.0,07014002
두부전,150.0,253.89,8.078,0.0,18.025,18.655,227.92,274.7499999999999,500.528,186.62,0.0,2.9218,1.9684,66.5,0.0,07014003
건새우볶음,20.0,69.1858,4.813,2.70256,2.2964,7.221800000000002,259.682,143.34,193.088,105.6144,0.0,0.6216000000000002,0.9281999999999999,74.4,0.0,08011001
낙지볶음,200.0,180.59,23.512,6.7,3.0,17.866,86.24,255.66,868.8839999999999,763.1400000000001,0.0,2.5,3.023999999999999,135.2,0.0,08011002
멸치볶음,20.0,69.225,5.693,3.43308,2.0424,6.970400000000001,138.086,157.858,274.0959999999999,204.094,0.0,0.9286000000000001,0.2764,83.55000000000001,0.0,08011003
어묵볶음,150.0,281.5425,36.279,4.473000000000001,8.083499999999997,18.03749999999999,120.5925,167.685,1283.8275,459.18,0.0,2.3235,1.3245,18.9,0.0,08011004
오징어볶음,200.0,243.696,27.42,9.280000000000001,6.842,20.43199999999999,94.336,294.84,1025.86,822.236,0.0,2.878,2.477999999999999,198.0,0.0,08011005
오징어채볶음,20.0,55.7136,7.004600000000001,1.3477,0.6852,5.394000000000001,6.232,64.818,240.964,50.886,0.0,0.284,0.4128,50.05,0.0,08011006
주꾸미볶음,200.0,211.81,21.692,6.7,6.11,20.156,88.04,278.0599999999999,969.8839999999999,699.0400000000001,0.0,3.670000000000001,3.319999999999999,385.6,0.0,08011007
해물볶음,400.0,420.527,36.5332,7.657,15.3178,37.4832,148.979,522.0060000000001,1647.0188,1158.848,0.0,14.839,4.2294,376.2,0.0,08011008
감자볶음,50.0,57.80300000000001,8.23,0.498,2.533500000000001,1.3435,10.63,33.282,219.935,254.6145,0.0,0.3925,0.3005,0.0,0.0,08012001
김치볶음,200.0,189.97,21.828,8.964,12.134,5.288,116.21,150.16,1513.41,766.9799999999999,0.0,2.12,1.272,0.0,0.0,08012002
깻잎나물볶음,200.0,212.392,17.328,0.2,16.372,8.032,670.52,172.55,1046.426,933.812,0.0,5.578,1.402,5.2,0.0,08012003
느타리버섯볶음,150.0,133.3185,14.217,0.15,8.925,4.406999999999999,21.5865,98.736,625.2510000000001,530.394,0.0,1.128,1.551,0.0,0.0,08012004
두부김치,250.0,292.42,13.84,0.0,21.315,19.1475,153.45,311.65,1033.85,740.55,0.0,4.380000000000001,3.135,30.0,0.0,08012005
머위나물볶음,150.0,102.993,7.705500000000002,0.0,7.952999999999999,4.3035,101.085,94.6125,696.9149999999998,529.5374999999999,0.0,2.560500000000001,0.4425000000000001,0.0,0.0,08012006
양송이버섯볶음,150.0,132.4215,10.554,0.0,9.790500000000002,5.457000000000001,33.0165,161.61,520.1145,856.3845,0.0,2.511000000000001,1.296,0.0,0.0,08012007
표고버섯볶음,150.0,143.595,14.2785,1.494,7.356000000000001,4.0095,31.77,67.155,563.5904999999999,512.8575000000001,0.0,2.427,0.849,0.0,0.0,08012008
고추잡채,200.0,264.218,22.106,8.4462,12.706,12.862,54.82400000000001,219.038,850.3079999999999,561.5600000000001,0.0,2.828,2.152,50.8,0.0,08012009
호박볶음,50.0,29.185,3.094,0.0,2.006,0.7705000000000001,10.3745,20.3935,223.2785,135.054,0.0,0.3745000000000001,0.169,0.0695,0.0,08012010
돼지고기볶음,200.0,353.132,15.33,4.75,20.936,25.746,32.862,402.254,1060.332,457.946,0.0,3.94,4.537999999999999,84.0,0.0,08013001
돼지껍데기볶음,150.0,346.1445000000001,22.7265,15.843,19.2285,22.3905,29.844,72.07799999999999,759.294,267.0645,0.0,2.277,1.2405,95.4,0.0,08013002
소세지볶음,200.0,476.04029,28.80525,5.830144,33.24425,17.03997,27.45618,260.35121,1409.04861,495.9578899999999,0.0,2.495489999999999,2.21564,56.2595,0.0,08013003
순대볶음,400.0,579.5559000000001,70.95935,14.2912,25.6102,17.58295,271.53665,265.91565,1379.5474,1048.02005,0.0,8.1004,4.43135,189.9205,0.0,08013004
오리불고기,250.0,559.93155,24.47235,4.0749,34.2465,38.16075,66.06029999999998,420.20685,854.0740499999999,1004.86065,0.0,5.80125,4.8399,124.8225,0.0,08013005
오삼불고기,200.0,356.936,21.462,7.423999999999999,20.238,23.348,77.91600000000001,307.85,870.4,634.996,0.0,2.206,2.782,164.3,0.0,08013006
떡볶이,200.0,300.76,58.85399999999999,5.704,2.96,8.718,72.03,179.37,862.2299999999998,251.4400000000001,0.0,1.57,1.106,6.0,0.0,08014001
라볶이,200.0,266.0299999999999,41.13399999999999,6.356000000000001,9.588,7.959999999999999,43.56199999999999,93.546,836.2379999999999,276.6799999999999,0.0,1.726,0.5880000000000001,6.9,0.0,08014002
마파두부,200.0,226.9151,10.9858,0.5680999999999999,12.01369999999999,16.85299999999999,153.4287999999999,257.2694999999999,647.4516000000002,332.8401,0.0,3.077999999999999,2.2705,19.152,0.0,08014003
가자미조림,300.0,301.29,20.337,5.994,6.903,40.701,114.12,417.78,1621.23,1153.38,0.0,3.288,1.563,165.0,0.0,09011001
갈치조림,100.0,99.385,5.494,0.5,3.916,10.675,38.665,129.74,463.82,302.985,6.18,1.154,0.603,42.0,0.0,09011002
고등어조림,250.0,459.3349999999999,10.96,1.46,25.35,45.37249999999999,124.9575,554.4775000000001,1177.955,1033.4125,0.0,5.185,2.677499999999999,170.15,0.0,09011003
꽁치조림,150.0,280.0882,8.357999999999999,1.3944,16.6656,22.5932,113.6226,294.581,679.4171999999999,448.77,0.0,3.3432,1.1438,67.19999999999999,0.0,09011004
동태조림,250.0,270.6125,16.77,4.995,4.0925,39.03250000000001,148.7625,525.6875,1440.175,982.825,0.0,2.06,1.4125,211.05,0.0,09011005
북어조림,100.0,184.581,15.656,2.9064,3.035,23.884,97.103,246.45,761.39,487.86,8.05,1.805,0.551,103.95,0.0,09011006
조기조림,300.0,378.2615,14.2419,1.45,16.2632,41.4294,108.4745,443.381,1682.898999999999,1222.7415,0.0,3.7468,2.4302,176.61,0.0,09011007
코다리조림,100.0,146.67,4.574,0.5,5.616,18.458,42.41,197.965,433.18,324.835,3.85,0.853,0.509,77.6,0.0,09011008
달걀장조림,100.0,133.725,10.032,3.1713,6.395,8.751,45.515,132.58,636.605,267.37,15.6,1.35,1.068,308.75,0.0,09012001
메추리알장조림,100.0,205.08,7.358,2.4522,13.691,12.107,65.222,190.659,758.9,279.19,4.75,1.933,1.719,530.64,0.0,09012002
돼지고기메추리알장조림,50.0,62.969,3.14,0.83765,2.1065,7.616000000000001,11.295,78.70500000000001,555.7849999999999,153.47,0.0,0.7335,0.86,77.3,0.0,09013001
소고기메추리알장조림,50.0,61.21500000000001,3.446,0.999,2.211,6.672000000000001,17.18,77.91,608.295,169.545,0.0,1.7795,0.8594999999999999,70.17,0.0,09013002
고추조림,100.0,105.878,14.827,2.988,4.185,2.856,31.719,52.221,802.456,185.443,18.67,0.894,0.441,0.0,0.0,09014001
감자조림,50.0,39.013,8.4025,0.7854,0.203,1.552,9.763000000000002,35.95,265.9155,222.5195,0.0,0.41,0.253,0.0,0.0,09014002
우엉조림,30.0,68.49600000000001,15.5052,7.61112,0.3285,1.0971,15.6213,24.2187,242.2806,106.8468,0.0,0.3210000000000001,0.2367,0.0,0.0,09014003
알감자조림,50.0,56.226,10.4805,1.56675,1.2635,1.3835,13.1045,40.9605,241.732,214.524,0.0,0.8190000000000001,0.2795,0.0,0.0,09014004
(검은)콩조림,20.0,56.83199999999999,6.9838,2.91534,2.0858,3.8488,24.801,64.409,102.853,33.393,0.0,0.8756,0.312,0.0,0.0,09015001
콩조림,20.0,59.22199999999999,7.754599999999999,2.91534,1.9389,3.5661,14.384,9.878,234.701,128.364,0.0,0.8679,0.4281,0.0,0.0,09015002
두부고추장조림,50.0,67.1415,4.025500000000001,1.89,3.998,5.137,69.9085,81.637,199.2275,79.70499999999998,0.0,0.961,0.5765,0.0,0.0,09015003
땅콩조림,20.0,80.41880000000002,6.5448,3.2709,5.114800000000001,2.9102,14.627,45.435,154.246,90.94900000000001,0.0,0.5824,0.7150000000000001,0.0,0.0,09016001
미꾸라지튀김,100.0,382.13,30.57,0.0,22.541,12.687,342.025,254.085,323.256,192.595,11.2,4.4,1.643,121.3,0.0,10011001
새우튀김,100.0,311.256,21.828,0.0,19.643,11.827,39.881,130.657,553.887,183.428,5.95,1.079,0.909,165.9,0.0,10011002
생선가스,200.0,646.21125,57.3754,0.0,37.09064999999999,24.5016,34.16325,303.63575,817.2735,229.9485,0.0,1.9516,1.4309,176.3,0.0,10011003
쥐포튀김,100.0,353.33,37.99,0.0,16.541,11.207,26.865,127.535,423.79925,145.28,13.7,1.002,0.476,75.64,0.0,10011004
오징어튀김,100.0,308.426,26.016,0.0,16.496,13.459,21.981,196.907,361.571,186.938,22.22,0.741,0.99,133.0,0.0,10011005
닭강정,100.0,323.251,24.21,1.7421,15.563,18.335,18.976,179.067,413.137,104.223,5.75,1.371,2.001,107.5,0.0,10012001
닭튀김,300.0,909.8053999999998,45.9186,0.0,52.34209999999999,54.5461,94.74589999999999,533.1853,1150.1313,512.2792,0.0,5.446199999999999,6.081300000000001,380.625,0.0,10012002
돈가스,200.0,620.6445000000001,36.556,0.0,39.11719999999999,27.778,31.3595,264.7555,557.0932999999999,685.7860000000001,0.0,2.2021,3.0419,138.339,0.0,10012003
모래집튀김,150.0,457.345,31.86119999999999,0.0,25.89439999999999,22.2894,72.27499999999999,247.59,297.01,459.0222,0.0,1.4672,0.861,137.648,0.0,10012004
양념치킨,200.0,567.582,38.83999999999999,12.364,31.146,30.466,51.002,315.664,777.8560000000001,381.256,0.0,3.348,3.524,259.0,0.0,10012005
치즈돈가스,250.0,758.496,45.48479999999999,0.0,46.1472,36.0192,72.78,344.364,855.0455999999999,569.976,0.0,2.5104,3.6048,146.4,0.0,10012006
치킨가스,200.0,582.0079999999999,51.2753,0.0,28.6444,31.03269999999999,32.64769999999999,186.9923,748.7311,384.2635999999999,0.0,2.0254,2.0235,113.297,0.0,10012007
탕수육,200.0,454.4381999999999,56.48889999999999,1.8981,16.58699999999999,17.062,36.4382,194.0109,403.256,468.9465999999999,0.0,2.1223,1.6758,76.475,0.0,10012008
깐풍기,200.0,585.076,43.36200000000001,13.944,33.34,27.796,41.02199999999999,184.706,629.2719999999999,523.54,0.0,2.734,1.93,173.0,0.0,10012009
감자튀김,150.0,462.105,50.09999999999999,0.0,25.7625,6.24,10.32,95.475,374.2185,344.2425000000001,0.0,1.4265,0.459,0.0,0.0,10014001
고구마맛탕,200.0,490.9275000000001,90.1908,1.43073,13.5324,3.3033,108.3348,94.46640000000002,213.3306,587.223,0.0,3.6099,1.1319,0.0,0.0,10014002
고구마튀김,100.0,241.566,34.1,0.0,10.796,3.205,20.693,73.987,150.639,298.574,18.1,0.63,0.305,19.0,0.0,10014003
고추튀김,100.0,198.346,12.74,0.0,13.625,6.482,23.391,99.957,260.651,147.678,12.92,0.903,0.695,190.0,0.0,10014004
김말이튀김,100.0,240.562,32.486,0.0,12.38,2.248,28.85,61.65,393.022,123.57,0.64,1.279,0.218,0.0,0.0,10014005
채소튀김,100.0,311.99,36.349,0.0,18.532,3.013,33.33,91.97,277.28,274.17,11.29,0.519,0.326,0.0,0.0,10014006
노각무침,150.0,81.354,16.434,5.086500000000001,2.0745,3.0855,38.8185,89.1075,822.0974999999999,573.2009999999999,0.0,1.6665,0.8085000000000001,0.0,0.0,11011001
단무지무침,50.0,19.188,3.2155,0.974,0.9105,0.4670000000000001,17.335,13.324,447.862,87.6395,0.0,0.3735000000000001,0.169,0.0,0.0,11011002
달래나물무침,150.0,132.687,25.2555,13.536,3.3045,4.7715,119.646,101.451,852.993,554.058,0.0,2.592,1.2015,0.0,0.0,11011003
더덕무침,150.0,220.8915,48.4395,31.5435,2.7405,4.890000000000001,35.79750000000001,129.72,1203.5835,286.3049999999999,0.0,2.49,0.3135,0.0,0.0,11011004
도라지생채,150.0,165.225,38.59050000000001,2.997,1.71,4.146,75.06,151.506,789.078,725.8575000000003,0.0,6.404999999999999,0.396,0.0,0.0,11011005
도토리묵,100.0,43.046,9.87,1.399,0.346,0.398,8.817,28.491,116.473,41.835,1.205,0.462,0.12,0.0,0.0,11011006
마늘쫑무침,30.0,38.1177,9.3513,3.2781,0.2799,0.9843,9.231599999999998,23.6853,423.4554,95.6103,0.0,0.3405000000000001,0.3774,0.0,0.0,11011007
무생채,150.0,73.68,16.0035,4.4955,1.2795,2.634,73.92,69.6,832.188,478.515,0.0,1.779,0.7785,1.68,0.0,11011008
무말랭이,30.0,39.88950000000001,9.632399999999999,1.0326,0.3426,1.3629,35.8197,35.2542,378.7764,252.6768,0.0,0.9516,0.1752,0.0402,0.0,11011009
오이생채,50.0,23.3555,4.6255,1.515,0.496,0.885,14.8245,33.46000000000001,269.314,147.1285,0.0,0.4445,0.2045,0.0,0.0,11011010
파무침,150.0,124.296,19.4745,8.367,5.406,3.8175,146.019,81.48,693.834,377.2979999999999,0.0,2.388,0.4125,10.05,0.0,11011011
상추겉절이,200.0,130.62,17.988,1.998,6.246,5.648000000000001,136.84,146.78,952.32,850.5399999999998,0.0,3.272,1.178,5.36,0.0,11012001
쑥갓나물무침,150.0,94.85699999999999,8.784,0.0,6.5055,5.485499999999999,69.17249999999999,87.66600000000001,700.1205,453.7484999999999,0.0,2.8695,0.4424999999999999,0.0,0.0,11012002
청포묵무침,250.0,157.61,19.675,13.7375,4.225,2.955,67.0375,99.4375,756.74,334.025,0.0,1.9375,0.7424999999999999,2.35,0.0,11012003
해파리냉채,150.0,87.285,13.827,7.4925,1.545,6.631500000000001,69.36,220.365,490.1279999999999,360.6,0.0,5.346,0.9840000000000001,17.625,0.0,11012004
가지나물,50.0,21.873,3.031000000000001,0.0,1.272,0.7320000000000001,11.318,20.291,159.1745,125.287,0.0,0.335,0.1435,0.0,0.0,11013001
고사리나물,50.0,43.508,3.799,0.0,3.2625,1.9655,20.348,32.94,251.53,302.39,0.0,1.811,0.9374999999999999,0.0,0.0,11013002
도라지나물,50.0,54.675,5.335,0.0,3.819,0.6695000000000001,15.1,24.055,256.6675,104.9675,0.0,0.9145,0.08,0.0,0.0,11013003
무나물,50.0,34.575,3.042,0.0,2.563,0.5755,18.045,16.53,293.5195,143.4275,0.0,0.464,0.203,0.0,0.0,11013004
미나리나물,50.0,28.3435,2.5595,0.0,2.138,0.9899999999999999,18.45,28.8245,165.524,239.042,0.0,1.1565,0.1935,0.0,0.0,11013005
숙주나물,50.0,19.509,1.559,0.0,1.347,1.312,10.11,20.866,186.733,85.4735,0.0,0.3765000000000001,0.1895,0.0,0.0,11013006
시금치나물,50.0,37.511,3.815,0.0,2.3685,2.069,37.585,24.549,217.2565,311.2615,0.0,1.765,0.4035,0.0,0.0,11013007
취나물,50.0,72.944,3.4555,0.0,6.714499999999999,1.5965,58.384,30.0725,288.6495,222.9795,0.0,1.091,0.0295,0.0,0.0,11013009
콩나물,50.0,24.129,1.145,0.0,1.979,1.6395,12.78,21.6145,203.4965,78.36399999999999,0.0,0.4315,0.2285,0.0,0.0,11013010
고구마줄기나물,50.0,30.439,2.9685,0.0,2.2385,0.6285000000000001,28.194,19.6515,255.7095,73.7735,0.0,0.9104999999999999,0.1795,0.0,0.0,11013011
우거지나물무침,150.0,126.114,10.2825,1.4985,8.661000000000001,5.076,512.9985,108.6885,774.5475,94.1145,0.0,21.903,0.4455,0.0,0.0,11013012
골뱅이무침,100.0,107.348,15.558,6.06,2.298,7.905,40.48,89.79,515.92,346.35,4.94,1.441,0.875,45.56,0.0,11014001
김무침,30.0,81.0114,12.1881,6.932099999999999,4.1247,4.7094,45.435,95.124,498.6338999999998,413.5659,0.0,2.1609,0.5748,0.0,0.0,11014002
미역초무침,50.0,24.936,5.698500000000001,3.996,0.5399999999999999,1.0715,47.268,28.82,285.8,236.752,0.0,0.403,0.118,0.0,0.0,11014003
북어채무침,150.0,332.052,31.332,18.02458,5.802999999999998,37.36599999999999,245.105,744.8420000000001,1048.53,782.6419999999998,0.0,2.576,0.8861999999999999,108.57,0.0,11014004
회무침,300.0,311.5872000000001,42.8792,26.412,4.2563,27.17770000000001,200.0957,314.5105,1253.2525,955.8385000000001,0.0,4.377200000000001,1.6802,61.38,0.0,11014005
쥐치채,20.0,53.387,10.1772,6.6036,0.198,2.7684,14.289,31.71100000000001,289.4502,78.51100000000001,0.0,0.299,0.1222,5.928000000000001,0.0,11014006
파래무침,30.0,31.5855,5.429100000000001,0.8990999999999999,0.6897,2.3397,64.5375,19.0395,252.045,74.49299999999998,0.0,1.7079,0.147,0.0,0.0,11014007
홍어무침,200.0,193.138,24.898,9.434,2.274,21.64,337.432,320.55,817.424,842.6600000000001,0.0,3.473999999999999,1.26,79.2,0.0,11014008
골뱅이국수무침,230.0,256.4163,39.6333,0.0,7.014600000000001,10.5246,97.57529999999998,151.3782,911.7441000000001,492.5771999999999,0.0,2.8431,1.2285,39.9789,0.0,11014009
오징어무침,200.0,249.525,13.5522,0.0,4.1904,38.66760000000001,78.57900000000001,556.6410000000001,682.389,660.1410000000001,0.0,1.8594,3.4038,430.92,0.0,11014010
잡채,150.0,198.8235,37.47449999999999,2.988,4.701000000000001,2.5935,50.13300000000001,53.9415,664.7505,294.1200000000001,0.0,2.907,0.4830000000000001,14.25,0.0,11015001
탕평채,100.0,101.194,10.196,6.993,3.113,3.529,38.802,89.96,247.419,269.971,6.26,1.234,0.821,4.95,0.0,11015002
갓김치,50.0,27.6355,5.211500000000001,0.4235,0.7015,1.9825,83.18849999999999,30.59150000000001,447.7740000000001,222.8085,0.0,1.3185,0.4815,3.507,0.0,12011001
고들빼기,50.0,55.3875,11.994,0.0,0.5640000000000001,2.206,37.3815,44.5875,733.749,177.8415,0.0,1.8045,0.373,0.545,0.0,12011002
깍두기,50.0,17.988,3.944999999999999,0.05,0.227,0.9974999999999998,19.159,15.328,338.876,148.046,0.0,0.5565,0.144,4.065,0.0,12011003
깻잎김치,150.0,124.4925,23.2665,2.988,3.1605,6.096,131.9925,93.45,1907.6415,752.0925000000001,0.0,3.009,1.269,29.661,0.0,12011004
나박김치,100.0,14.746,2.255,0.01,0.42,0.63,12.544,11.618,509.472,77.831,0.026,0.357,0.077,0.0,0.0,12011005
동치미,400.0,57.69199999999999,14.26,0.0,0.64,2.696,43.01999999999999,47.36799999999999,2313.584,438.216,0.0,1.388,0.292,0.0,0.0,12011006
배추겉절이,50.0,21.239,4.484499999999999,0.996,0.503,0.9405000000000001,21.8445,23.138,325.406,182.3595,0.0,0.476,0.31,1.34,0.0,12011007
배추김치,50.0,18.4315,4.154999999999999,0.498,0.2975,1.145,35.845,24.2385,309.5255,207.1355,0.0,0.6340000000000001,0.3220000000000001,3.4065,0.0,12011008
백김치,50.0,19.8035,4.3755,0.0,0.2645,0.798,22.878,18.1885,211.718,153.4155,0.0,0.4320000000000001,0.244,0.0415,0.0,12011009
부추김치,50.0,32.9105,6.2875,3.486,0.5694999999999999,1.875,13.9275,15.225,399.378,228.6625,0.0,1.2785,0.189,0.0,0.0,12011010
열무김치,50.0,16.285,3.1555,1.195,0.3485,1.343,64.553,28.5715,308.349,411.845,0.0,1.3915,0.131,0.0,0.0,12011011
열무얼갈이김치,50.0,16.57,3.0255,0.0,0.4035,1.269,47.90600000000001,33.16999999999999,344.2010000000001,176.996,0.0,0.8399999999999999,0.205,4.198,0.0,12011012
오이소박이,50.0,16.6675,2.9565,1.195,0.532,0.9424999999999998,22.3365,39.574,276.1935,184.8785,0.0,0.5355,0.1935,1.452,0.0,12011013
총각김치,50.0,17.5645,3.436000000000001,0.0,0.369,1.03,50.19200000000001,25.63,347.1704999999999,168.107,0.0,0.8809999999999999,0.192,4.433999999999999,0.0,12011014
파김치,50.0,28.005,5.472,0.996,0.702,1.5545,46.634,20.359,395.8649999999999,179.119,0.0,0.8200000000000002,0.337,4.69,0.0,12011015
간장게장,250.0,292.7025,13.885,0.17025,2.0875,32.665,267.1175,458.4275,3075.5325,1137.6925,0.0,7.550000000000001,8.41,223.125,0.0,13011001
마늘쫑장아찌,50.0,28.2695,6.1875,2.3475,0.13,1.045,8.390500000000001,23.65,778.6005,105.688,0.0,0.33,0.341,0.0,0.0,13011002
고추장아찌,30.0,22.356,4.1814,2.997,0.0882,0.8034000000000001,4.752,16.662,787.299,83.334,0.0,0.2184,0.1437,0.0,0.0,13011003
깻잎장아찌,30.0,33.6351,7.872299999999999,2.78169,0.3575999999999999,2.1138,84.1689,40.45650000000001,568.7526000000001,220.7874,0.0,1.0065,0.4329,0.6269999999999999,0.0,13011004
마늘장아찌,30.0,16.0554,3.0663,0.2997,0.0204,0.7872,1.7421,14.7969,481.749,64.2693,0.0,0.1221,0.1293,0.0,0.0,13011005
무장아찌,30.0,27.3372,5.31465,3.2967,0.2607,0.5669400000000001,15.62154,15.0579,933.28224,106.01844,0.0,0.32076,0.15213,0.0,0.0,13011006
양념게장,200.0,275.554,46.33000000000001,26.52,2.058,20.41,165.872,283.47,1747.844,792.52,0.0,5.252,5.227999999999999,134.4,0.0,13011007
양파장아찌,50.0,19.715,3.5385,1.4985,0.05,0.577,5.05,13.405,423.605,63.33500000000001,0.0,0.179,0.127,0.0,0.0,13011008
오이지,50.0,11.44,2.392,0.0,0.312,1.144,30.22,80.08,925.9975000000001,328.1925,0.0,0.6295,0.315,0.0,0.0,13011009
무피클,50.0,17.0,4.192,1.992,0.052,0.404,13.08,11.56,6.6,108.32,0.0,0.352,0.1515,0.0,0.0,13011010
오이피클,50.0,54.0,14.642,1.992,0.152,0.304,15.08,4.06,333.6,27.32,0.0,0.502,0.0515,0.0,0.0,13011011
단무지,30.0,3.9042,0.6640999999999999,0.2299,0.1632,0.1129,5.196300000000001,3.536,173.5504,16.0789,0.0,0.09359999999999999,0.0362,0.0,0.0,13011012
오징어젓갈,10.0,6.826,0.2936,0.0,0.09768,1.2384,2.396,17.6,179.109,27.041,2.066,0.06596,0.1097,13.68,0.0,13012001
명란젓,10.0,12.0,0.27,0.0,0.3,2.05,2.8,24.9,353.1,41.0,0.0,0.12,0.195,35.0,0.0,13012002
생연어,100.0,110.29,1.002,0.0,1.938,20.908,26.91,249.04,213.06,349.6,0.8,1.255,0.562,60.0,0.0,14011001
생선물회,800.0,575.0052000000001,81.4548,29.3748,14.1288,36.7668,267.8508,499.4724000000001,2986.2336,1560.1824,0.0,8.1732,2.8896,0.756,0.0,14011002
광어회 ,100.0,116.2,9.34,5.46,1.36,17.2,46.6,171.2,754.4,382.0,0.0,1.54,0.402,74.96,0.0,14011004
훈제연어,100.0,169.0,9.34,5.46,6.16,19.28,20.2,200.0,1260.8,218.8,0.0,0.9,0.61,141.6,0.0,14011005
육회,150.0,236.556,15.9465,7.0425,8.049,25.032,45.8115,244.2825,433.4235,608.349,0.0,3.048,4.7715,57.75,0.0,14012001
육사시미,150.0,203.55,6.959999999999999,4.095,6.074999999999999,29.28,30.15,252.0,888.03,541.8,0.0,7.947,3.6414,63.45,0.0,14012002
가래떡,100.0,205.042,45.045,0.0,0.325,3.52,2.46,77.0,254.681,90.528,0.0,0.221,0.826,0.0,0.0,15011001
경단,100.0,303.79,67.042,0.0,0.538,6.584,17.87,109.13,186.364,99.273,0.0,1.573,1.4,0.0,0.0,15011002
꿀떡,100.0,225.916,50.356,9.5805,0.761,3.236,7.104,71.46,251.339,83.74,0.1,0.3,0.778,0.0,0.0,15011003
시루떡,100.0,223.62,49.029,5.994,0.275,5.5,16.63,59.45,278.948,212.643,0.0,1.11,1.35,0.0,0.0,15011004
메밀전병,100.0,166.141,24.821,0.0,5.496,5.792,37.041,137.628,340.662,274.485,69.819,1.409,0.973,0.0,0.0,15011005
찰떡,100.0,216.185,44.876,5.495,1.24,5.807,15.185,83.83,236.819,151.4,9.89,1.612,1.51,0.0,0.0,15011006
무지개떡,100.0,218.18,48.698,6.993,0.865,4.004,26.73,89.28,277.709,115.005,0.0,0.476,1.015,0.0,0.0,15011007
백설기,100.0,218.82,48.195,11.988,0.792,4.044,10.82,78.99,296.946,96.9,4.2,0.548,0.752,0.0,0.0,15011008
송편,100.0,234.899,46.821,1.5163,2.698,4.17,45.979,77.16,236.545,67.894,19.97,1.132,0.574,0.0,0.0,15011009
수수부꾸미,100.0,258.99,46.151,2.997,5.668,5.498,6.37,95.48,270.036,162.45,0.0,1.051,1.33,0.0,0.0,15011010
수수팥떡,100.0,212.73,45.17,0.999,0.678,5.98,7.49,99.64,236.379,182.035,0.0,1.125,1.404,0.0,0.0,15011011
쑥떡,100.0,238.06,54.64,9.99,0.45,4.531,65.2,65.55,256.148,343.623,17.5,1.593,0.553,0.0,0.0,15011012
약식,100.0,232.213,48.882,7.992,2.27,3.827,12.885,79.74,290.644,142.123,12.105,2.533,1.304,0.159,0.0,15011013
인절미,100.0,214.46,42.554,0.0,1.764,6.401,15.035,117.19,337.74,232.64,11.27,1.86,1.587,0.0,0.0,15011014
절편,100.0,197.812,44.074,4.995,0.35,3.06,2.503,66.883,266.77,79.458,0.0,0.217,0.718,0.0,0.0,15011015
증편,100.0,198.693,44.216,15.984,0.342,2.536,6.836,52.045,259.038,61.003,0.0,0.234,0.564,0.0,0.0,15011016
찹쌀떡,100.0,264.74,62.076,13.986,0.231,3.409,15.68,71.705,226.381,86.783,7.705,1.455,1.13,0.0,0.0,15011017
매작과,30.0,121.4775,19.0629,0.0,3.5703,2.5542,3.324,26.4555,31.0458,42.3855,0.0,0.4281,0.1284,0.0,0.0,16011001
다식,30.0,105.1665,20.8107,6.4557,1.7286,3.5463,1.4274,100.0665,3.849,206.7144,0.0,0.5175000000000001,0.0411,0.0,0.0,16011002
약과,30.0,113.8494,22.1832,2.1519,1.2387,2.574,4.449,28.23,16.4598,59.42189999999999,0.0,0.5661,0.1431,0.0,0.0,16011003
유과,30.0,129.06,24.1365,1.12095,3.504,0.3609,1.2084,3.6,7.0554,0.0285,0.0,0.24,0.1968,0.0,0.0,16011004
산자,30.0,121.6985,24.70195,10.632825,1.19665,0.9103499999999999,2.00165,20.36125,8.012550000000001,60.9266,0.0,0.4053,0.27195,0.0,0.0,16011005
깨강정,30.0,150.3,13.62,0.0,9.87,4.5,156.0,125.7,24.3,67.5,0.0,1.38,2.13,0.0,0.0,16011006
